<SupportInformation>
	<Command name="Get-PoshVTVersion">
		<Info name="adrequired" value="false"/>
		<Info name="rsatrequired" value="false"/>
		<Info name="ps2" value="false"/>
		<Info name="ps3" value="true"/>
		<Info name="ps4" value="false"/>
		<Info name="winXP" value="false"/>
		<Info name="winVista" value="false"/>
		<Info name="win7" value="true"/>
		<Info name="win8" value="true"/>
		<Info name="win81" value="true"/>
		<Info name="win2k3std" value="false"/>
		<Info name="win2k3ee" value="false"/>
		<Info name="win2k3dc" value="false"/>
		<Info name="win2k8std" value="false"/>
		<Info name="win2k8ee" value="false"/>
		<Info name="win2k8dc" value="false"/>
		<Info name="win2k8r2std" value="true"/>
		<Info name="win2k8r2ee" value="true"/>
		<Info name="win2k8r2dc" value="true"/>
		<Info name="win2k12std" value="true"/>
		<Info name="win2k12dc" value="true"/>
		<Info name="win2k12r2std" value="true"/>
		<Info name="win2k12r2dc" value="true"/>
	</Command>	<Command name="Get-VTAPIKeyInfo">
		<Info name="adrequired" value="false"/>
		<Info name="rsatrequired" value="false"/>
		<Info name="ps2" value="false"/>
		<Info name="ps3" value="true"/>
		<Info name="ps4" value="false"/>
		<Info name="winXP" value="false"/>
		<Info name="winVista" value="false"/>
		<Info name="win7" value="true"/>
		<Info name="win8" value="true"/>
		<Info name="win81" value="true"/>
		<Info name="win2k3std" value="false"/>
		<Info name="win2k3ee" value="false"/>
		<Info name="win2k3dc" value="false"/>
		<Info name="win2k8std" value="false"/>
		<Info name="win2k8ee" value="false"/>
		<Info name="win2k8dc" value="false"/>
		<Info name="win2k8r2std" value="true"/>
		<Info name="win2k8r2ee" value="true"/>
		<Info name="win2k8r2dc" value="true"/>
		<Info name="win2k12std" value="true"/>
		<Info name="win2k12dc" value="true"/>
		<Info name="win2k12r2std" value="true"/>
		<Info name="win2k12r2dc" value="true"/>
	</Command>	<Command name="Get-VTDomainReport">
		<Info name="adrequired" value="false"/>
		<Info name="rsatrequired" value="false"/>
		<Info name="ps2" value="false"/>
		<Info name="ps3" value="true"/>
		<Info name="ps4" value="false"/>
		<Info name="winXP" value="false"/>
		<Info name="winVista" value="false"/>
		<Info name="win7" value="true"/>
		<Info name="win8" value="true"/>
		<Info name="win81" value="true"/>
		<Info name="win2k3std" value="false"/>
		<Info name="win2k3ee" value="false"/>
		<Info name="win2k3dc" value="false"/>
		<Info name="win2k8std" value="false"/>
		<Info name="win2k8ee" value="false"/>
		<Info name="win2k8dc" value="false"/>
		<Info name="win2k8r2std" value="true"/>
		<Info name="win2k8r2ee" value="true"/>
		<Info name="win2k8r2dc" value="true"/>
		<Info name="win2k12std" value="true"/>
		<Info name="win2k12dc" value="true"/>
		<Info name="win2k12r2std" value="true"/>
		<Info name="win2k12r2dc" value="true"/>
	</Command>	<Command name="Get-VTFileBehaviourReport">
		<Info name="adrequired" value="false"/>
		<Info name="rsatrequired" value="false"/>
		<Info name="ps2" value="false"/>
		<Info name="ps3" value="true"/>
		<Info name="ps4" value="false"/>
		<Info name="winXP" value="false"/>
		<Info name="winVista" value="false"/>
		<Info name="win7" value="true"/>
		<Info name="win8" value="true"/>
		<Info name="win81" value="true"/>
		<Info name="win2k3std" value="false"/>
		<Info name="win2k3ee" value="false"/>
		<Info name="win2k3dc" value="false"/>
		<Info name="win2k8std" value="false"/>
		<Info name="win2k8ee" value="false"/>
		<Info name="win2k8dc" value="false"/>
		<Info name="win2k8r2std" value="true"/>
		<Info name="win2k8r2ee" value="true"/>
		<Info name="win2k8r2dc" value="true"/>
		<Info name="win2k12std" value="true"/>
		<Info name="win2k12dc" value="true"/>
		<Info name="win2k12r2std" value="true"/>
		<Info name="win2k12r2dc" value="true"/>
	</Command>	<Command name="Get-VTFileComment">
		<Info name="adrequired" value="false"/>
		<Info name="rsatrequired" value="false"/>
		<Info name="ps2" value="false"/>
		<Info name="ps3" value="true"/>
		<Info name="ps4" value="false"/>
		<Info name="winXP" value="false"/>
		<Info name="winVista" value="false"/>
		<Info name="win7" value="true"/>
		<Info name="win8" value="true"/>
		<Info name="win81" value="true"/>
		<Info name="win2k3std" value="false"/>
		<Info name="win2k3ee" value="false"/>
		<Info name="win2k3dc" value="false"/>
		<Info name="win2k8std" value="false"/>
		<Info name="win2k8ee" value="false"/>
		<Info name="win2k8dc" value="false"/>
		<Info name="win2k8r2std" value="true"/>
		<Info name="win2k8r2ee" value="true"/>
		<Info name="win2k8r2dc" value="true"/>
		<Info name="win2k12std" value="true"/>
		<Info name="win2k12dc" value="true"/>
		<Info name="win2k12r2std" value="true"/>
		<Info name="win2k12r2dc" value="true"/>
	</Command>	<Command name="Get-VTFileNetworkTraffic">
		<Info name="adrequired" value="false"/>
		<Info name="rsatrequired" value="false"/>
		<Info name="ps2" value="false"/>
		<Info name="ps3" value="true"/>
		<Info name="ps4" value="false"/>
		<Info name="winXP" value="false"/>
		<Info name="winVista" value="false"/>
		<Info name="win7" value="true"/>
		<Info name="win8" value="true"/>
		<Info name="win81" value="true"/>
		<Info name="win2k3std" value="false"/>
		<Info name="win2k3ee" value="false"/>
		<Info name="win2k3dc" value="false"/>
		<Info name="win2k8std" value="false"/>
		<Info name="win2k8ee" value="false"/>
		<Info name="win2k8dc" value="false"/>
		<Info name="win2k8r2std" value="true"/>
		<Info name="win2k8r2ee" value="true"/>
		<Info name="win2k8r2dc" value="true"/>
		<Info name="win2k12std" value="true"/>
		<Info name="win2k12dc" value="true"/>
		<Info name="win2k12r2std" value="true"/>
		<Info name="win2k12r2dc" value="true"/>
	</Command>	<Command name="Get-VTFileReport">
		<Info name="adrequired" value="false"/>
		<Info name="rsatrequired" value="false"/>
		<Info name="ps2" value="false"/>
		<Info name="ps3" value="true"/>
		<Info name="ps4" value="false"/>
		<Info name="winXP" value="false"/>
		<Info name="winVista" value="false"/>
		<Info name="win7" value="true"/>
		<Info name="win8" value="true"/>
		<Info name="win81" value="true"/>
		<Info name="win2k3std" value="false"/>
		<Info name="win2k3ee" value="false"/>
		<Info name="win2k3dc" value="false"/>
		<Info name="win2k8std" value="false"/>
		<Info name="win2k8ee" value="false"/>
		<Info name="win2k8dc" value="false"/>
		<Info name="win2k8r2std" value="true"/>
		<Info name="win2k8r2ee" value="true"/>
		<Info name="win2k8r2dc" value="true"/>
		<Info name="win2k12std" value="true"/>
		<Info name="win2k12dc" value="true"/>
		<Info name="win2k12r2std" value="true"/>
		<Info name="win2k12r2dc" value="true"/>
	</Command>	<Command name="Get-VTFileSample">
		<Info name="adrequired" value="false"/>
		<Info name="rsatrequired" value="false"/>
		<Info name="ps2" value="false"/>
		<Info name="ps3" value="true"/>
		<Info name="ps4" value="false"/>
		<Info name="winXP" value="false"/>
		<Info name="winVista" value="false"/>
		<Info name="win7" value="true"/>
		<Info name="win8" value="true"/>
		<Info name="win81" value="true"/>
		<Info name="win2k3std" value="false"/>
		<Info name="win2k3ee" value="false"/>
		<Info name="win2k3dc" value="false"/>
		<Info name="win2k8std" value="false"/>
		<Info name="win2k8ee" value="false"/>
		<Info name="win2k8dc" value="false"/>
		<Info name="win2k8r2std" value="true"/>
		<Info name="win2k8r2ee" value="true"/>
		<Info name="win2k8r2dc" value="true"/>
		<Info name="win2k12std" value="true"/>
		<Info name="win2k12dc" value="true"/>
		<Info name="win2k12r2std" value="true"/>
		<Info name="win2k12r2dc" value="true"/>
	</Command>	<Command name="Get-VTFileScanReport">
		<Info name="adrequired" value="false"/>
		<Info name="rsatrequired" value="false"/>
		<Info name="ps2" value="false"/>
		<Info name="ps3" value="true"/>
		<Info name="ps4" value="false"/>
		<Info name="winXP" value="false"/>
		<Info name="winVista" value="false"/>
		<Info name="win7" value="true"/>
		<Info name="win8" value="true"/>
		<Info name="win81" value="true"/>
		<Info name="win2k3std" value="false"/>
		<Info name="win2k3ee" value="false"/>
		<Info name="win2k3dc" value="false"/>
		<Info name="win2k8std" value="false"/>
		<Info name="win2k8ee" value="false"/>
		<Info name="win2k8dc" value="false"/>
		<Info name="win2k8r2std" value="true"/>
		<Info name="win2k8r2ee" value="true"/>
		<Info name="win2k8r2dc" value="true"/>
		<Info name="win2k12std" value="true"/>
		<Info name="win2k12dc" value="true"/>
		<Info name="win2k12r2std" value="true"/>
		<Info name="win2k12r2dc" value="true"/>
	</Command>	<Command name="Get-VTIPReport">
		<Info name="adrequired" value="false"/>
		<Info name="rsatrequired" value="false"/>
		<Info name="ps2" value="false"/>
		<Info name="ps3" value="true"/>
		<Info name="ps4" value="false"/>
		<Info name="winXP" value="false"/>
		<Info name="winVista" value="false"/>
		<Info name="win7" value="true"/>
		<Info name="win8" value="true"/>
		<Info name="win81" value="true"/>
		<Info name="win2k3std" value="false"/>
		<Info name="win2k3ee" value="false"/>
		<Info name="win2k3dc" value="false"/>
		<Info name="win2k8std" value="false"/>
		<Info name="win2k8ee" value="false"/>
		<Info name="win2k8dc" value="false"/>
		<Info name="win2k8r2std" value="true"/>
		<Info name="win2k8r2ee" value="true"/>
		<Info name="win2k8r2dc" value="true"/>
		<Info name="win2k12std" value="true"/>
		<Info name="win2k12dc" value="true"/>
		<Info name="win2k12r2std" value="true"/>
		<Info name="win2k12r2dc" value="true"/>
	</Command>	<Command name="Get-VTSpecialURL">
		<Info name="adrequired" value="false"/>
		<Info name="rsatrequired" value="false"/>
		<Info name="ps2" value="false"/>
		<Info name="ps3" value="true"/>
		<Info name="ps4" value="false"/>
		<Info name="winXP" value="false"/>
		<Info name="winVista" value="false"/>
		<Info name="win7" value="true"/>
		<Info name="win8" value="true"/>
		<Info name="win81" value="true"/>
		<Info name="win2k3std" value="false"/>
		<Info name="win2k3ee" value="false"/>
		<Info name="win2k3dc" value="false"/>
		<Info name="win2k8std" value="false"/>
		<Info name="win2k8ee" value="false"/>
		<Info name="win2k8dc" value="false"/>
		<Info name="win2k8r2std" value="true"/>
		<Info name="win2k8r2ee" value="true"/>
		<Info name="win2k8r2dc" value="true"/>
		<Info name="win2k12std" value="true"/>
		<Info name="win2k12dc" value="true"/>
		<Info name="win2k12r2std" value="true"/>
		<Info name="win2k12r2dc" value="true"/>
	</Command>	<Command name="Get-VTURLReport">
		<Info name="adrequired" value="false"/>
		<Info name="rsatrequired" value="false"/>
		<Info name="ps2" value="false"/>
		<Info name="ps3" value="true"/>
		<Info name="ps4" value="false"/>
		<Info name="winXP" value="false"/>
		<Info name="winVista" value="false"/>
		<Info name="win7" value="true"/>
		<Info name="win8" value="true"/>
		<Info name="win81" value="true"/>
		<Info name="win2k3std" value="false"/>
		<Info name="win2k3ee" value="false"/>
		<Info name="win2k3dc" value="false"/>
		<Info name="win2k8std" value="false"/>
		<Info name="win2k8ee" value="false"/>
		<Info name="win2k8dc" value="false"/>
		<Info name="win2k8r2std" value="true"/>
		<Info name="win2k8r2ee" value="true"/>
		<Info name="win2k8r2dc" value="true"/>
		<Info name="win2k12std" value="true"/>
		<Info name="win2k12dc" value="true"/>
		<Info name="win2k12r2std" value="true"/>
		<Info name="win2k12r2dc" value="true"/>
	</Command>	<Command name="Remove-VTFileRescan">
		<Info name="adrequired" value="false"/>
		<Info name="rsatrequired" value="false"/>
		<Info name="ps2" value="false"/>
		<Info name="ps3" value="true"/>
		<Info name="ps4" value="false"/>
		<Info name="winXP" value="false"/>
		<Info name="winVista" value="false"/>
		<Info name="win7" value="true"/>
		<Info name="win8" value="true"/>
		<Info name="win81" value="true"/>
		<Info name="win2k3std" value="false"/>
		<Info name="win2k3ee" value="false"/>
		<Info name="win2k3dc" value="false"/>
		<Info name="win2k8std" value="false"/>
		<Info name="win2k8ee" value="false"/>
		<Info name="win2k8dc" value="false"/>
		<Info name="win2k8r2std" value="true"/>
		<Info name="win2k8r2ee" value="true"/>
		<Info name="win2k8r2dc" value="true"/>
		<Info name="win2k12std" value="true"/>
		<Info name="win2k12dc" value="true"/>
		<Info name="win2k12r2std" value="true"/>
		<Info name="win2k12r2dc" value="true"/>
	</Command>	<Command name="Search-VTAdvancedReversed">
		<Info name="adrequired" value="false"/>
		<Info name="rsatrequired" value="false"/>
		<Info name="ps2" value="false"/>
		<Info name="ps3" value="true"/>
		<Info name="ps4" value="false"/>
		<Info name="winXP" value="false"/>
		<Info name="winVista" value="false"/>
		<Info name="win7" value="true"/>
		<Info name="win8" value="true"/>
		<Info name="win81" value="true"/>
		<Info name="win2k3std" value="false"/>
		<Info name="win2k3ee" value="false"/>
		<Info name="win2k3dc" value="false"/>
		<Info name="win2k8std" value="false"/>
		<Info name="win2k8ee" value="false"/>
		<Info name="win2k8dc" value="false"/>
		<Info name="win2k8r2std" value="true"/>
		<Info name="win2k8r2ee" value="true"/>
		<Info name="win2k8r2dc" value="true"/>
		<Info name="win2k12std" value="true"/>
		<Info name="win2k12dc" value="true"/>
		<Info name="win2k12r2std" value="true"/>
		<Info name="win2k12r2dc" value="true"/>
	</Command>	<Command name="Set-VTAPIKey">
		<Info name="adrequired" value="false"/>
		<Info name="rsatrequired" value="false"/>
		<Info name="ps2" value="false"/>
		<Info name="ps3" value="true"/>
		<Info name="ps4" value="false"/>
		<Info name="winXP" value="false"/>
		<Info name="winVista" value="false"/>
		<Info name="win7" value="true"/>
		<Info name="win8" value="true"/>
		<Info name="win81" value="true"/>
		<Info name="win2k3std" value="false"/>
		<Info name="win2k3ee" value="false"/>
		<Info name="win2k3dc" value="false"/>
		<Info name="win2k8std" value="false"/>
		<Info name="win2k8ee" value="false"/>
		<Info name="win2k8dc" value="false"/>
		<Info name="win2k8r2std" value="true"/>
		<Info name="win2k8r2ee" value="true"/>
		<Info name="win2k8r2dc" value="true"/>
		<Info name="win2k12std" value="true"/>
		<Info name="win2k12dc" value="true"/>
		<Info name="win2k12r2std" value="true"/>
		<Info name="win2k12r2dc" value="true"/>
	</Command>	<Command name="Set-VTFileComment">
		<Info name="adrequired" value="false"/>
		<Info name="rsatrequired" value="false"/>
		<Info name="ps2" value="false"/>
		<Info name="ps3" value="true"/>
		<Info name="ps4" value="false"/>
		<Info name="winXP" value="false"/>
		<Info name="winVista" value="false"/>
		<Info name="win7" value="true"/>
		<Info name="win8" value="true"/>
		<Info name="win81" value="true"/>
		<Info name="win2k3std" value="false"/>
		<Info name="win2k3ee" value="false"/>
		<Info name="win2k3dc" value="false"/>
		<Info name="win2k8std" value="false"/>
		<Info name="win2k8ee" value="false"/>
		<Info name="win2k8dc" value="false"/>
		<Info name="win2k8r2std" value="true"/>
		<Info name="win2k8r2ee" value="true"/>
		<Info name="win2k8r2dc" value="true"/>
		<Info name="win2k12std" value="true"/>
		<Info name="win2k12dc" value="true"/>
		<Info name="win2k12r2std" value="true"/>
		<Info name="win2k12r2dc" value="true"/>
	</Command>	<Command name="Set-VTFileRescan">
		<Info name="adrequired" value="false"/>
		<Info name="rsatrequired" value="false"/>
		<Info name="ps2" value="false"/>
		<Info name="ps3" value="true"/>
		<Info name="ps4" value="false"/>
		<Info name="winXP" value="false"/>
		<Info name="winVista" value="false"/>
		<Info name="win7" value="true"/>
		<Info name="win8" value="true"/>
		<Info name="win81" value="true"/>
		<Info name="win2k3std" value="false"/>
		<Info name="win2k3ee" value="false"/>
		<Info name="win2k3dc" value="false"/>
		<Info name="win2k8std" value="false"/>
		<Info name="win2k8ee" value="false"/>
		<Info name="win2k8dc" value="false"/>
		<Info name="win2k8r2std" value="true"/>
		<Info name="win2k8r2ee" value="true"/>
		<Info name="win2k8r2dc" value="true"/>
		<Info name="win2k12std" value="true"/>
		<Info name="win2k12dc" value="true"/>
		<Info name="win2k12r2std" value="true"/>
		<Info name="win2k12r2dc" value="true"/>
	</Command>	<Command name="Submit-VTFile">
		<Info name="adrequired" value="false"/>
		<Info name="rsatrequired" value="false"/>
		<Info name="ps2" value="false"/>
		<Info name="ps3" value="true"/>
		<Info name="ps4" value="false"/>
		<Info name="winXP" value="false"/>
		<Info name="winVista" value="false"/>
		<Info name="win7" value="true"/>
		<Info name="win8" value="true"/>
		<Info name="win81" value="true"/>
		<Info name="win2k3std" value="false"/>
		<Info name="win2k3ee" value="false"/>
		<Info name="win2k3dc" value="false"/>
		<Info name="win2k8std" value="false"/>
		<Info name="win2k8ee" value="false"/>
		<Info name="win2k8dc" value="false"/>
		<Info name="win2k8r2std" value="true"/>
		<Info name="win2k8r2ee" value="true"/>
		<Info name="win2k8r2dc" value="true"/>
		<Info name="win2k12std" value="true"/>
		<Info name="win2k12dc" value="true"/>
		<Info name="win2k12r2std" value="true"/>
		<Info name="win2k12r2dc" value="true"/>
	</Command>	<Command name="Submit-VTURL">
		<Info name="adrequired" value="false"/>
		<Info name="rsatrequired" value="false"/>
		<Info name="ps2" value="false"/>
		<Info name="ps3" value="true"/>
		<Info name="ps4" value="false"/>
		<Info name="winXP" value="false"/>
		<Info name="winVista" value="false"/>
		<Info name="win7" value="true"/>
		<Info name="win8" value="true"/>
		<Info name="win81" value="true"/>
		<Info name="win2k3std" value="false"/>
		<Info name="win2k3ee" value="false"/>
		<Info name="win2k3dc" value="false"/>
		<Info name="win2k8std" value="false"/>
		<Info name="win2k8ee" value="false"/>
		<Info name="win2k8dc" value="false"/>
		<Info name="win2k8r2std" value="true"/>
		<Info name="win2k8r2ee" value="true"/>
		<Info name="win2k8r2dc" value="true"/>
		<Info name="win2k12std" value="true"/>
		<Info name="win2k12dc" value="true"/>
		<Info name="win2k12r2std" value="true"/>
		<Info name="win2k12r2dc" value="true"/>
	</Command></SupportInformation>